<?xml version="1.0" encoding="UTF-8" ?>
<!DOCTYPE mapper PUBLIC "-//mybatis.org//DTD Mapper 3.0//EN" "http://mybatis.org/dtd/mybatis-3-mapper.dtd" >
<mapper namespace="pe.com.j2techcon.bi.etl.dao.TCargoGuiaMapper" >
  <resultMap id="BaseResultMap" type="pe.com.j2techcon.bi.etl.domain.TCargoGuia" >
    <id column="car_gui_id" property="carGuiId" jdbcType="INTEGER" />
    <result column="desp_id" property="despId" jdbcType="INTEGER" />
    <result column="carg_id" property="cargId" jdbcType="INTEGER" />
    <result column="car_gui_cod_mov" property="carGuiCodMov" jdbcType="INTEGER" />
    <result column="car_gui_cod_ubi" property="carGuiCodUbi" jdbcType="INTEGER" />
    <result column="car_gui_cod_zon" property="carGuiCodZon" jdbcType="INTEGER" />
    <result column="car_gui_cod_pos" property="carGuiCodPos" jdbcType="INTEGER" />
    <result column="car_gui_cod_ver" property="carGuiCodVer" jdbcType="INTEGER" />
    <result column="car_gui_dir" property="carGuiDir" jdbcType="VARCHAR" />
    <result column="car_gui_ref" property="carGuiRef" jdbcType="VARCHAR" />
    <result column="car_gui_fec_sal" property="carGuiFecSal" jdbcType="DATE" />
    <result column="car_gui_fec_ret_pro" property="carGuiFecRetPro" jdbcType="DATE" />
    <result column="car_gui_fec_ret_rea" property="carGuiFecRetRea" jdbcType="DATE" />
    <result column="car_gui_fec_ver" property="carGuiFecVer" jdbcType="DATE" />
    <result column="car_gui_cod_est" property="carGuiCodEst" jdbcType="INTEGER" />
    <result column="fec_num_cam" property="fecNumCam" jdbcType="INTEGER" />
    <result column="cod_ind_cam" property="codIndCam" jdbcType="CHAR" />
  </resultMap>
  <sql id="Example_Where_Clause" >
    <where >
      <foreach collection="oredCriteria" item="criteria" separator="or" >
        <if test="criteria.valid" >
          <trim prefix="(" suffix=")" prefixOverrides="and" >
            <foreach collection="criteria.criteria" item="criterion" >
              <choose >
                <when test="criterion.noValue" >
                  and ${criterion.condition}
                </when>
                <when test="criterion.singleValue" >
                  and ${criterion.condition} #{criterion.value}
                </when>
                <when test="criterion.betweenValue" >
                  and ${criterion.condition} #{criterion.value} and #{criterion.secondValue}
                </when>
                <when test="criterion.listValue" >
                  and ${criterion.condition}
                  <foreach collection="criterion.value" item="listItem" open="(" close=")" separator="," >
                    #{listItem}
                  </foreach>
                </when>
              </choose>
            </foreach>
          </trim>
        </if>
      </foreach>
    </where>
  </sql>
  <sql id="Update_By_Example_Where_Clause" >
    <where >
      <foreach collection="example.oredCriteria" item="criteria" separator="or" >
        <if test="criteria.valid" >
          <trim prefix="(" suffix=")" prefixOverrides="and" >
            <foreach collection="criteria.criteria" item="criterion" >
              <choose >
                <when test="criterion.noValue" >
                  and ${criterion.condition}
                </when>
                <when test="criterion.singleValue" >
                  and ${criterion.condition} #{criterion.value}
                </when>
                <when test="criterion.betweenValue" >
                  and ${criterion.condition} #{criterion.value} and #{criterion.secondValue}
                </when>
                <when test="criterion.listValue" >
                  and ${criterion.condition}
                  <foreach collection="criterion.value" item="listItem" open="(" close=")" separator="," >
                    #{listItem}
                  </foreach>
                </when>
              </choose>
            </foreach>
          </trim>
        </if>
      </foreach>
    </where>
  </sql>
  <sql id="Base_Column_List" >
    car_gui_id, desp_id, carg_id, car_gui_cod_mov, car_gui_cod_ubi, car_gui_cod_zon, 
    car_gui_cod_pos, car_gui_cod_ver, car_gui_dir, car_gui_ref, car_gui_fec_sal, car_gui_fec_ret_pro, 
    car_gui_fec_ret_rea, car_gui_fec_ver, car_gui_cod_est, fec_num_cam, cod_ind_cam
  </sql>
  <select id="selectByExample" resultMap="BaseResultMap" parameterType="pe.com.j2techcon.bi.etl.domain.TCargoGuiaExample" >
    select
    <if test="distinct" >
      distinct
    </if>
    <include refid="Base_Column_List" />
    from t_cargo_guia
    <if test="_parameter != null" >
      <include refid="Example_Where_Clause" />
    </if>
    <if test="orderByClause != null" >
      order by ${orderByClause}
    </if>
  </select>
  <select id="selectByPrimaryKey" resultMap="BaseResultMap" parameterType="java.lang.Integer" >
    select 
    <include refid="Base_Column_List" />
    from t_cargo_guia
    where car_gui_id = #{carGuiId,jdbcType=INTEGER}
  </select>
  <delete id="deleteByPrimaryKey" parameterType="java.lang.Integer" >
    delete from t_cargo_guia
    where car_gui_id = #{carGuiId,jdbcType=INTEGER}
  </delete>
  <delete id="deleteByExample" parameterType="pe.com.j2techcon.bi.etl.domain.TCargoGuiaExample" >
    delete from t_cargo_guia
    <if test="_parameter != null" >
      <include refid="Example_Where_Clause" />
    </if>
  </delete>
  <insert id="insert" parameterType="pe.com.j2techcon.bi.etl.domain.TCargoGuia" >
    insert into t_cargo_guia (car_gui_id, desp_id, carg_id, 
      car_gui_cod_mov, car_gui_cod_ubi, car_gui_cod_zon, 
      car_gui_cod_pos, car_gui_cod_ver, car_gui_dir, 
      car_gui_ref, car_gui_fec_sal, car_gui_fec_ret_pro, 
      car_gui_fec_ret_rea, car_gui_fec_ver, car_gui_cod_est, 
      fec_num_cam, cod_ind_cam)
    values (#{carGuiId,jdbcType=INTEGER}, #{despId,jdbcType=INTEGER}, #{cargId,jdbcType=INTEGER}, 
      #{carGuiCodMov,jdbcType=INTEGER}, #{carGuiCodUbi,jdbcType=INTEGER}, #{carGuiCodZon,jdbcType=INTEGER}, 
      #{carGuiCodPos,jdbcType=INTEGER}, #{carGuiCodVer,jdbcType=INTEGER}, #{carGuiDir,jdbcType=VARCHAR}, 
      #{carGuiRef,jdbcType=VARCHAR}, #{carGuiFecSal,jdbcType=DATE}, #{carGuiFecRetPro,jdbcType=DATE}, 
      #{carGuiFecRetRea,jdbcType=DATE}, #{carGuiFecVer,jdbcType=DATE}, #{carGuiCodEst,jdbcType=INTEGER}, 
      #{fecNumCam,jdbcType=INTEGER}, #{codIndCam,jdbcType=CHAR})
  </insert>
  <insert id="insertSelective" parameterType="pe.com.j2techcon.bi.etl.domain.TCargoGuia" >
    insert into t_cargo_guia
    <trim prefix="(" suffix=")" suffixOverrides="," >
      <if test="carGuiId != null" >
        car_gui_id,
      </if>
      <if test="despId != null" >
        desp_id,
      </if>
      <if test="cargId != null" >
        carg_id,
      </if>
      <if test="carGuiCodMov != null" >
        car_gui_cod_mov,
      </if>
      <if test="carGuiCodUbi != null" >
        car_gui_cod_ubi,
      </if>
      <if test="carGuiCodZon != null" >
        car_gui_cod_zon,
      </if>
      <if test="carGuiCodPos != null" >
        car_gui_cod_pos,
      </if>
      <if test="carGuiCodVer != null" >
        car_gui_cod_ver,
      </if>
      <if test="carGuiDir != null" >
        car_gui_dir,
      </if>
      <if test="carGuiRef != null" >
        car_gui_ref,
      </if>
      <if test="carGuiFecSal != null" >
        car_gui_fec_sal,
      </if>
      <if test="carGuiFecRetPro != null" >
        car_gui_fec_ret_pro,
      </if>
      <if test="carGuiFecRetRea != null" >
        car_gui_fec_ret_rea,
      </if>
      <if test="carGuiFecVer != null" >
        car_gui_fec_ver,
      </if>
      <if test="carGuiCodEst != null" >
        car_gui_cod_est,
      </if>
      <if test="fecNumCam != null" >
        fec_num_cam,
      </if>
      <if test="codIndCam != null" >
        cod_ind_cam,
      </if>
    </trim>
    <trim prefix="values (" suffix=")" suffixOverrides="," >
      <if test="carGuiId != null" >
        #{carGuiId,jdbcType=INTEGER},
      </if>
      <if test="despId != null" >
        #{despId,jdbcType=INTEGER},
      </if>
      <if test="cargId != null" >
        #{cargId,jdbcType=INTEGER},
      </if>
      <if test="carGuiCodMov != null" >
        #{carGuiCodMov,jdbcType=INTEGER},
      </if>
      <if test="carGuiCodUbi != null" >
        #{carGuiCodUbi,jdbcType=INTEGER},
      </if>
      <if test="carGuiCodZon != null" >
        #{carGuiCodZon,jdbcType=INTEGER},
      </if>
      <if test="carGuiCodPos != null" >
        #{carGuiCodPos,jdbcType=INTEGER},
      </if>
      <if test="carGuiCodVer != null" >
        #{carGuiCodVer,jdbcType=INTEGER},
      </if>
      <if test="carGuiDir != null" >
        #{carGuiDir,jdbcType=VARCHAR},
      </if>
      <if test="carGuiRef != null" >
        #{carGuiRef,jdbcType=VARCHAR},
      </if>
      <if test="carGuiFecSal != null" >
        #{carGuiFecSal,jdbcType=DATE},
      </if>
      <if test="carGuiFecRetPro != null" >
        #{carGuiFecRetPro,jdbcType=DATE},
      </if>
      <if test="carGuiFecRetRea != null" >
        #{carGuiFecRetRea,jdbcType=DATE},
      </if>
      <if test="carGuiFecVer != null" >
        #{carGuiFecVer,jdbcType=DATE},
      </if>
      <if test="carGuiCodEst != null" >
        #{carGuiCodEst,jdbcType=INTEGER},
      </if>
      <if test="fecNumCam != null" >
        #{fecNumCam,jdbcType=INTEGER},
      </if>
      <if test="codIndCam != null" >
        #{codIndCam,jdbcType=CHAR},
      </if>
    </trim>
  </insert>
  <select id="countByExample" parameterType="pe.com.j2techcon.bi.etl.domain.TCargoGuiaExample" resultType="java.lang.Integer" >
    select count(*) from t_cargo_guia
    <if test="_parameter != null" >
      <include refid="Example_Where_Clause" />
    </if>
  </select>
  <update id="updateByExampleSelective" parameterType="map" >
    update t_cargo_guia
    <set >
      <if test="record.carGuiId != null" >
        car_gui_id = #{record.carGuiId,jdbcType=INTEGER},
      </if>
      <if test="record.despId != null" >
        desp_id = #{record.despId,jdbcType=INTEGER},
      </if>
      <if test="record.cargId != null" >
        carg_id = #{record.cargId,jdbcType=INTEGER},
      </if>
      <if test="record.carGuiCodMov != null" >
        car_gui_cod_mov = #{record.carGuiCodMov,jdbcType=INTEGER},
      </if>
      <if test="record.carGuiCodUbi != null" >
        car_gui_cod_ubi = #{record.carGuiCodUbi,jdbcType=INTEGER},
      </if>
      <if test="record.carGuiCodZon != null" >
        car_gui_cod_zon = #{record.carGuiCodZon,jdbcType=INTEGER},
      </if>
      <if test="record.carGuiCodPos != null" >
        car_gui_cod_pos = #{record.carGuiCodPos,jdbcType=INTEGER},
      </if>
      <if test="record.carGuiCodVer != null" >
        car_gui_cod_ver = #{record.carGuiCodVer,jdbcType=INTEGER},
      </if>
      <if test="record.carGuiDir != null" >
        car_gui_dir = #{record.carGuiDir,jdbcType=VARCHAR},
      </if>
      <if test="record.carGuiRef != null" >
        car_gui_ref = #{record.carGuiRef,jdbcType=VARCHAR},
      </if>
      <if test="record.carGuiFecSal != null" >
        car_gui_fec_sal = #{record.carGuiFecSal,jdbcType=DATE},
      </if>
      <if test="record.carGuiFecRetPro != null" >
        car_gui_fec_ret_pro = #{record.carGuiFecRetPro,jdbcType=DATE},
      </if>
      <if test="record.carGuiFecRetRea != null" >
        car_gui_fec_ret_rea = #{record.carGuiFecRetRea,jdbcType=DATE},
      </if>
      <if test="record.carGuiFecVer != null" >
        car_gui_fec_ver = #{record.carGuiFecVer,jdbcType=DATE},
      </if>
      <if test="record.carGuiCodEst != null" >
        car_gui_cod_est = #{record.carGuiCodEst,jdbcType=INTEGER},
      </if>
      <if test="record.fecNumCam != null" >
        fec_num_cam = #{record.fecNumCam,jdbcType=INTEGER},
      </if>
      <if test="record.codIndCam != null" >
        cod_ind_cam = #{record.codIndCam,jdbcType=CHAR},
      </if>
    </set>
    <if test="_parameter != null" >
      <include refid="Update_By_Example_Where_Clause" />
    </if>
  </update>
  <update id="updateByExample" parameterType="map" >
    update t_cargo_guia
    set car_gui_id = #{record.carGuiId,jdbcType=INTEGER},
      desp_id = #{record.despId,jdbcType=INTEGER},
      carg_id = #{record.cargId,jdbcType=INTEGER},
      car_gui_cod_mov = #{record.carGuiCodMov,jdbcType=INTEGER},
      car_gui_cod_ubi = #{record.carGuiCodUbi,jdbcType=INTEGER},
      car_gui_cod_zon = #{record.carGuiCodZon,jdbcType=INTEGER},
      car_gui_cod_pos = #{record.carGuiCodPos,jdbcType=INTEGER},
      car_gui_cod_ver = #{record.carGuiCodVer,jdbcType=INTEGER},
      car_gui_dir = #{record.carGuiDir,jdbcType=VARCHAR},
      car_gui_ref = #{record.carGuiRef,jdbcType=VARCHAR},
      car_gui_fec_sal = #{record.carGuiFecSal,jdbcType=DATE},
      car_gui_fec_ret_pro = #{record.carGuiFecRetPro,jdbcType=DATE},
      car_gui_fec_ret_rea = #{record.carGuiFecRetRea,jdbcType=DATE},
      car_gui_fec_ver = #{record.carGuiFecVer,jdbcType=DATE},
      car_gui_cod_est = #{record.carGuiCodEst,jdbcType=INTEGER},
      fec_num_cam = #{record.fecNumCam,jdbcType=INTEGER},
      cod_ind_cam = #{record.codIndCam,jdbcType=CHAR}
    <if test="_parameter != null" >
      <include refid="Update_By_Example_Where_Clause" />
    </if>
  </update>
  <update id="updateByPrimaryKeySelective" parameterType="pe.com.j2techcon.bi.etl.domain.TCargoGuia" >
    update t_cargo_guia
    <set >
      <if test="despId != null" >
        desp_id = #{despId,jdbcType=INTEGER},
      </if>
      <if test="cargId != null" >
        carg_id = #{cargId,jdbcType=INTEGER},
      </if>
      <if test="carGuiCodMov != null" >
        car_gui_cod_mov = #{carGuiCodMov,jdbcType=INTEGER},
      </if>
      <if test="carGuiCodUbi != null" >
        car_gui_cod_ubi = #{carGuiCodUbi,jdbcType=INTEGER},
      </if>
      <if test="carGuiCodZon != null" >
        car_gui_cod_zon = #{carGuiCodZon,jdbcType=INTEGER},
      </if>
      <if test="carGuiCodPos != null" >
        car_gui_cod_pos = #{carGuiCodPos,jdbcType=INTEGER},
      </if>
      <if test="carGuiCodVer != null" >
        car_gui_cod_ver = #{carGuiCodVer,jdbcType=INTEGER},
      </if>
      <if test="carGuiDir != null" >
        car_gui_dir = #{carGuiDir,jdbcType=VARCHAR},
      </if>
      <if test="carGuiRef != null" >
        car_gui_ref = #{carGuiRef,jdbcType=VARCHAR},
      </if>
      <if test="carGuiFecSal != null" >
        car_gui_fec_sal = #{carGuiFecSal,jdbcType=DATE},
      </if>
      <if test="carGuiFecRetPro != null" >
        car_gui_fec_ret_pro = #{carGuiFecRetPro,jdbcType=DATE},
      </if>
      <if test="carGuiFecRetRea != null" >
        car_gui_fec_ret_rea = #{carGuiFecRetRea,jdbcType=DATE},
      </if>
      <if test="carGuiFecVer != null" >
        car_gui_fec_ver = #{carGuiFecVer,jdbcType=DATE},
      </if>
      <if test="carGuiCodEst != null" >
        car_gui_cod_est = #{carGuiCodEst,jdbcType=INTEGER},
      </if>
      <if test="fecNumCam != null" >
        fec_num_cam = #{fecNumCam,jdbcType=INTEGER},
      </if>
      <if test="codIndCam != null" >
        cod_ind_cam = #{codIndCam,jdbcType=CHAR},
      </if>
    </set>
    where car_gui_id = #{carGuiId,jdbcType=INTEGER}
  </update>
  <update id="updateByPrimaryKey" parameterType="pe.com.j2techcon.bi.etl.domain.TCargoGuia" >
    update t_cargo_guia
    set desp_id = #{despId,jdbcType=INTEGER},
      carg_id = #{cargId,jdbcType=INTEGER},
      car_gui_cod_mov = #{carGuiCodMov,jdbcType=INTEGER},
      car_gui_cod_ubi = #{carGuiCodUbi,jdbcType=INTEGER},
      car_gui_cod_zon = #{carGuiCodZon,jdbcType=INTEGER},
      car_gui_cod_pos = #{carGuiCodPos,jdbcType=INTEGER},
      car_gui_cod_ver = #{carGuiCodVer,jdbcType=INTEGER},
      car_gui_dir = #{carGuiDir,jdbcType=VARCHAR},
      car_gui_ref = #{carGuiRef,jdbcType=VARCHAR},
      car_gui_fec_sal = #{carGuiFecSal,jdbcType=DATE},
      car_gui_fec_ret_pro = #{carGuiFecRetPro,jdbcType=DATE},
      car_gui_fec_ret_rea = #{carGuiFecRetRea,jdbcType=DATE},
      car_gui_fec_ver = #{carGuiFecVer,jdbcType=DATE},
      car_gui_cod_est = #{carGuiCodEst,jdbcType=INTEGER},
      fec_num_cam = #{fecNumCam,jdbcType=INTEGER},
      cod_ind_cam = #{codIndCam,jdbcType=CHAR}
    where car_gui_id = #{carGuiId,jdbcType=INTEGER}
  </update>
</mapper>