<?xml version="1.0" encoding="UTF-8" ?>
<!DOCTYPE mapper PUBLIC "-//mybatis.org//DTD Mapper 3.0//EN" "http://mybatis.org/dtd/mybatis-3-mapper.dtd" >
<mapper namespace="pe.com.j2techcon.bi.etl.dao.TResultadoDespachoMapper" >
  <resultMap id="BaseResultMap" type="pe.com.j2techcon.bi.etl.domain.TResultadoDespacho" >
    <id column="res_des_id" property="resDesId" jdbcType="INTEGER" />
    <result column="desp_id" property="despId" jdbcType="INTEGER" />
    <result column="res_des_cod_mov" property="resDesCodMov" jdbcType="INTEGER" />
    <result column="res_des_num_cargos" property="resDesNumCargos" jdbcType="INTEGER" />
    <result column="res_des_cod_est" property="resDesCodEst" jdbcType="INTEGER" />
    <result column="fec_num_cam" property="fecNumCam" jdbcType="INTEGER" />
    <result column="cod_ind_cam" property="codIndCam" jdbcType="CHAR" />
  </resultMap>
  <sql id="Example_Where_Clause" >
    <where >
      <foreach collection="oredCriteria" item="criteria" separator="or" >
        <if test="criteria.valid" >
          <trim prefix="(" suffix=")" prefixOverrides="and" >
            <foreach collection="criteria.criteria" item="criterion" >
              <choose >
                <when test="criterion.noValue" >
                  and ${criterion.condition}
                </when>
                <when test="criterion.singleValue" >
                  and ${criterion.condition} #{criterion.value}
                </when>
                <when test="criterion.betweenValue" >
                  and ${criterion.condition} #{criterion.value} and #{criterion.secondValue}
                </when>
                <when test="criterion.listValue" >
                  and ${criterion.condition}
                  <foreach collection="criterion.value" item="listItem" open="(" close=")" separator="," >
                    #{listItem}
                  </foreach>
                </when>
              </choose>
            </foreach>
          </trim>
        </if>
      </foreach>
    </where>
  </sql>
  <sql id="Update_By_Example_Where_Clause" >
    <where >
      <foreach collection="example.oredCriteria" item="criteria" separator="or" >
        <if test="criteria.valid" >
          <trim prefix="(" suffix=")" prefixOverrides="and" >
            <foreach collection="criteria.criteria" item="criterion" >
              <choose >
                <when test="criterion.noValue" >
                  and ${criterion.condition}
                </when>
                <when test="criterion.singleValue" >
                  and ${criterion.condition} #{criterion.value}
                </when>
                <when test="criterion.betweenValue" >
                  and ${criterion.condition} #{criterion.value} and #{criterion.secondValue}
                </when>
                <when test="criterion.listValue" >
                  and ${criterion.condition}
                  <foreach collection="criterion.value" item="listItem" open="(" close=")" separator="," >
                    #{listItem}
                  </foreach>
                </when>
              </choose>
            </foreach>
          </trim>
        </if>
      </foreach>
    </where>
  </sql>
  <sql id="Base_Column_List" >
    res_des_id, desp_id, res_des_cod_mov, res_des_num_cargos, res_des_cod_est, fec_num_cam, 
    cod_ind_cam
  </sql>
  <select id="selectByExample" resultMap="BaseResultMap" parameterType="pe.com.j2techcon.bi.etl.domain.TResultadoDespachoExample" >
    select
    <if test="distinct" >
      distinct
    </if>
    <include refid="Base_Column_List" />
    from t_resultado_despacho
    <if test="_parameter != null" >
      <include refid="Example_Where_Clause" />
    </if>
    <if test="orderByClause != null" >
      order by ${orderByClause}
    </if>
  </select>
  <select id="selectByPrimaryKey" resultMap="BaseResultMap" parameterType="java.lang.Integer" >
    select 
    <include refid="Base_Column_List" />
    from t_resultado_despacho
    where res_des_id = #{resDesId,jdbcType=INTEGER}
  </select>
  <delete id="deleteByPrimaryKey" parameterType="java.lang.Integer" >
    delete from t_resultado_despacho
    where res_des_id = #{resDesId,jdbcType=INTEGER}
  </delete>
  <delete id="deleteByExample" parameterType="pe.com.j2techcon.bi.etl.domain.TResultadoDespachoExample" >
    delete from t_resultado_despacho
    <if test="_parameter != null" >
      <include refid="Example_Where_Clause" />
    </if>
  </delete>
  <insert id="insert" parameterType="pe.com.j2techcon.bi.etl.domain.TResultadoDespacho" >
    insert into t_resultado_despacho (res_des_id, desp_id, res_des_cod_mov, 
      res_des_num_cargos, res_des_cod_est, fec_num_cam, 
      cod_ind_cam)
    values (#{resDesId,jdbcType=INTEGER}, #{despId,jdbcType=INTEGER}, #{resDesCodMov,jdbcType=INTEGER}, 
      #{resDesNumCargos,jdbcType=INTEGER}, #{resDesCodEst,jdbcType=INTEGER}, #{fecNumCam,jdbcType=INTEGER}, 
      #{codIndCam,jdbcType=CHAR})
  </insert>
  <insert id="insertSelective" parameterType="pe.com.j2techcon.bi.etl.domain.TResultadoDespacho" >
    insert into t_resultado_despacho
    <trim prefix="(" suffix=")" suffixOverrides="," >
      <if test="resDesId != null" >
        res_des_id,
      </if>
      <if test="despId != null" >
        desp_id,
      </if>
      <if test="resDesCodMov != null" >
        res_des_cod_mov,
      </if>
      <if test="resDesNumCargos != null" >
        res_des_num_cargos,
      </if>
      <if test="resDesCodEst != null" >
        res_des_cod_est,
      </if>
      <if test="fecNumCam != null" >
        fec_num_cam,
      </if>
      <if test="codIndCam != null" >
        cod_ind_cam,
      </if>
    </trim>
    <trim prefix="values (" suffix=")" suffixOverrides="," >
      <if test="resDesId != null" >
        #{resDesId,jdbcType=INTEGER},
      </if>
      <if test="despId != null" >
        #{despId,jdbcType=INTEGER},
      </if>
      <if test="resDesCodMov != null" >
        #{resDesCodMov,jdbcType=INTEGER},
      </if>
      <if test="resDesNumCargos != null" >
        #{resDesNumCargos,jdbcType=INTEGER},
      </if>
      <if test="resDesCodEst != null" >
        #{resDesCodEst,jdbcType=INTEGER},
      </if>
      <if test="fecNumCam != null" >
        #{fecNumCam,jdbcType=INTEGER},
      </if>
      <if test="codIndCam != null" >
        #{codIndCam,jdbcType=CHAR},
      </if>
    </trim>
  </insert>
  <select id="countByExample" parameterType="pe.com.j2techcon.bi.etl.domain.TResultadoDespachoExample" resultType="java.lang.Integer" >
    select count(*) from t_resultado_despacho
    <if test="_parameter != null" >
      <include refid="Example_Where_Clause" />
    </if>
  </select>
  <update id="updateByExampleSelective" parameterType="map" >
    update t_resultado_despacho
    <set >
      <if test="record.resDesId != null" >
        res_des_id = #{record.resDesId,jdbcType=INTEGER},
      </if>
      <if test="record.despId != null" >
        desp_id = #{record.despId,jdbcType=INTEGER},
      </if>
      <if test="record.resDesCodMov != null" >
        res_des_cod_mov = #{record.resDesCodMov,jdbcType=INTEGER},
      </if>
      <if test="record.resDesNumCargos != null" >
        res_des_num_cargos = #{record.resDesNumCargos,jdbcType=INTEGER},
      </if>
      <if test="record.resDesCodEst != null" >
        res_des_cod_est = #{record.resDesCodEst,jdbcType=INTEGER},
      </if>
      <if test="record.fecNumCam != null" >
        fec_num_cam = #{record.fecNumCam,jdbcType=INTEGER},
      </if>
      <if test="record.codIndCam != null" >
        cod_ind_cam = #{record.codIndCam,jdbcType=CHAR},
      </if>
    </set>
    <if test="_parameter != null" >
      <include refid="Update_By_Example_Where_Clause" />
    </if>
  </update>
  <update id="updateByExample" parameterType="map" >
    update t_resultado_despacho
    set res_des_id = #{record.resDesId,jdbcType=INTEGER},
      desp_id = #{record.despId,jdbcType=INTEGER},
      res_des_cod_mov = #{record.resDesCodMov,jdbcType=INTEGER},
      res_des_num_cargos = #{record.resDesNumCargos,jdbcType=INTEGER},
      res_des_cod_est = #{record.resDesCodEst,jdbcType=INTEGER},
      fec_num_cam = #{record.fecNumCam,jdbcType=INTEGER},
      cod_ind_cam = #{record.codIndCam,jdbcType=CHAR}
    <if test="_parameter != null" >
      <include refid="Update_By_Example_Where_Clause" />
    </if>
  </update>
  <update id="updateByPrimaryKeySelective" parameterType="pe.com.j2techcon.bi.etl.domain.TResultadoDespacho" >
    update t_resultado_despacho
    <set >
      <if test="despId != null" >
        desp_id = #{despId,jdbcType=INTEGER},
      </if>
      <if test="resDesCodMov != null" >
        res_des_cod_mov = #{resDesCodMov,jdbcType=INTEGER},
      </if>
      <if test="resDesNumCargos != null" >
        res_des_num_cargos = #{resDesNumCargos,jdbcType=INTEGER},
      </if>
      <if test="resDesCodEst != null" >
        res_des_cod_est = #{resDesCodEst,jdbcType=INTEGER},
      </if>
      <if test="fecNumCam != null" >
        fec_num_cam = #{fecNumCam,jdbcType=INTEGER},
      </if>
      <if test="codIndCam != null" >
        cod_ind_cam = #{codIndCam,jdbcType=CHAR},
      </if>
    </set>
    where res_des_id = #{resDesId,jdbcType=INTEGER}
  </update>
  <update id="updateByPrimaryKey" parameterType="pe.com.j2techcon.bi.etl.domain.TResultadoDespacho" >
    update t_resultado_despacho
    set desp_id = #{despId,jdbcType=INTEGER},
      res_des_cod_mov = #{resDesCodMov,jdbcType=INTEGER},
      res_des_num_cargos = #{resDesNumCargos,jdbcType=INTEGER},
      res_des_cod_est = #{resDesCodEst,jdbcType=INTEGER},
      fec_num_cam = #{fecNumCam,jdbcType=INTEGER},
      cod_ind_cam = #{codIndCam,jdbcType=CHAR}
    where res_des_id = #{resDesId,jdbcType=INTEGER}
  </update>
</mapper>