<?xml version="1.0" encoding="UTF-8" ?>
<!DOCTYPE mapper PUBLIC "-//mybatis.org//DTD Mapper 3.0//EN" "http://mybatis.org/dtd/mybatis-3-mapper.dtd" >
<mapper namespace="pe.com.j2techcon.bi.etl.dao.TSedeMapper" >
  <resultMap id="BaseResultMap" type="pe.com.j2techcon.bi.etl.domain.TSede" >
    <id column="sede_id" property="sedeId" jdbcType="INTEGER" />
    <result column="sede_cod" property="sedeCod" jdbcType="CHAR" />
    <result column="sede_cod_ubi" property="sedeCodUbi" jdbcType="INTEGER" />
    <result column="sede_cod_tip" property="sedeCodTip" jdbcType="INTEGER" />
    <result column="sede_des_dir" property="sedeDesDir" jdbcType="VARCHAR" />
    <result column="fec_num_cam" property="fecNumCam" jdbcType="INTEGER" />
    <result column="cod_ind_cam" property="codIndCam" jdbcType="CHAR" />
  </resultMap>
  <sql id="Example_Where_Clause" >
    <where >
      <foreach collection="oredCriteria" item="criteria" separator="or" >
        <if test="criteria.valid" >
          <trim prefix="(" suffix=")" prefixOverrides="and" >
            <foreach collection="criteria.criteria" item="criterion" >
              <choose >
                <when test="criterion.noValue" >
                  and ${criterion.condition}
                </when>
                <when test="criterion.singleValue" >
                  and ${criterion.condition} #{criterion.value}
                </when>
                <when test="criterion.betweenValue" >
                  and ${criterion.condition} #{criterion.value} and #{criterion.secondValue}
                </when>
                <when test="criterion.listValue" >
                  and ${criterion.condition}
                  <foreach collection="criterion.value" item="listItem" open="(" close=")" separator="," >
                    #{listItem}
                  </foreach>
                </when>
              </choose>
            </foreach>
          </trim>
        </if>
      </foreach>
    </where>
  </sql>
  <sql id="Update_By_Example_Where_Clause" >
    <where >
      <foreach collection="example.oredCriteria" item="criteria" separator="or" >
        <if test="criteria.valid" >
          <trim prefix="(" suffix=")" prefixOverrides="and" >
            <foreach collection="criteria.criteria" item="criterion" >
              <choose >
                <when test="criterion.noValue" >
                  and ${criterion.condition}
                </when>
                <when test="criterion.singleValue" >
                  and ${criterion.condition} #{criterion.value}
                </when>
                <when test="criterion.betweenValue" >
                  and ${criterion.condition} #{criterion.value} and #{criterion.secondValue}
                </when>
                <when test="criterion.listValue" >
                  and ${criterion.condition}
                  <foreach collection="criterion.value" item="listItem" open="(" close=")" separator="," >
                    #{listItem}
                  </foreach>
                </when>
              </choose>
            </foreach>
          </trim>
        </if>
      </foreach>
    </where>
  </sql>
  <sql id="Base_Column_List" >
    sede_id, sede_cod, sede_cod_ubi, sede_cod_tip, sede_des_dir, fec_num_cam, cod_ind_cam
  </sql>
  <select id="selectByExample" resultMap="BaseResultMap" parameterType="pe.com.j2techcon.bi.etl.domain.TSedeExample" >
    select
    <if test="distinct" >
      distinct
    </if>
    <include refid="Base_Column_List" />
    from t_sede
    <if test="_parameter != null" >
      <include refid="Example_Where_Clause" />
    </if>
    <if test="orderByClause != null" >
      order by ${orderByClause}
    </if>
  </select>
  <select id="selectByPrimaryKey" resultMap="BaseResultMap" parameterType="java.lang.Integer" >
    select 
    <include refid="Base_Column_List" />
    from t_sede
    where sede_id = #{sedeId,jdbcType=INTEGER}
  </select>
  <delete id="deleteByPrimaryKey" parameterType="java.lang.Integer" >
    delete from t_sede
    where sede_id = #{sedeId,jdbcType=INTEGER}
  </delete>
  <delete id="deleteByExample" parameterType="pe.com.j2techcon.bi.etl.domain.TSedeExample" >
    delete from t_sede
    <if test="_parameter != null" >
      <include refid="Example_Where_Clause" />
    </if>
  </delete>
  <insert id="insert" parameterType="pe.com.j2techcon.bi.etl.domain.TSede" >
    insert into t_sede (sede_id, sede_cod, sede_cod_ubi, 
      sede_cod_tip, sede_des_dir, fec_num_cam, 
      cod_ind_cam)
    values (#{sedeId,jdbcType=INTEGER}, #{sedeCod,jdbcType=CHAR}, #{sedeCodUbi,jdbcType=INTEGER}, 
      #{sedeCodTip,jdbcType=INTEGER}, #{sedeDesDir,jdbcType=VARCHAR}, #{fecNumCam,jdbcType=INTEGER}, 
      #{codIndCam,jdbcType=CHAR})
  </insert>
  <insert id="insertSelective" parameterType="pe.com.j2techcon.bi.etl.domain.TSede" >
    insert into t_sede
    <trim prefix="(" suffix=")" suffixOverrides="," >
      <if test="sedeId != null" >
        sede_id,
      </if>
      <if test="sedeCod != null" >
        sede_cod,
      </if>
      <if test="sedeCodUbi != null" >
        sede_cod_ubi,
      </if>
      <if test="sedeCodTip != null" >
        sede_cod_tip,
      </if>
      <if test="sedeDesDir != null" >
        sede_des_dir,
      </if>
      <if test="fecNumCam != null" >
        fec_num_cam,
      </if>
      <if test="codIndCam != null" >
        cod_ind_cam,
      </if>
    </trim>
    <trim prefix="values (" suffix=")" suffixOverrides="," >
      <if test="sedeId != null" >
        #{sedeId,jdbcType=INTEGER},
      </if>
      <if test="sedeCod != null" >
        #{sedeCod,jdbcType=CHAR},
      </if>
      <if test="sedeCodUbi != null" >
        #{sedeCodUbi,jdbcType=INTEGER},
      </if>
      <if test="sedeCodTip != null" >
        #{sedeCodTip,jdbcType=INTEGER},
      </if>
      <if test="sedeDesDir != null" >
        #{sedeDesDir,jdbcType=VARCHAR},
      </if>
      <if test="fecNumCam != null" >
        #{fecNumCam,jdbcType=INTEGER},
      </if>
      <if test="codIndCam != null" >
        #{codIndCam,jdbcType=CHAR},
      </if>
    </trim>
  </insert>
  <select id="countByExample" parameterType="pe.com.j2techcon.bi.etl.domain.TSedeExample" resultType="java.lang.Integer" >
    select count(*) from t_sede
    <if test="_parameter != null" >
      <include refid="Example_Where_Clause" />
    </if>
  </select>
  <update id="updateByExampleSelective" parameterType="map" >
    update t_sede
    <set >
      <if test="record.sedeId != null" >
        sede_id = #{record.sedeId,jdbcType=INTEGER},
      </if>
      <if test="record.sedeCod != null" >
        sede_cod = #{record.sedeCod,jdbcType=CHAR},
      </if>
      <if test="record.sedeCodUbi != null" >
        sede_cod_ubi = #{record.sedeCodUbi,jdbcType=INTEGER},
      </if>
      <if test="record.sedeCodTip != null" >
        sede_cod_tip = #{record.sedeCodTip,jdbcType=INTEGER},
      </if>
      <if test="record.sedeDesDir != null" >
        sede_des_dir = #{record.sedeDesDir,jdbcType=VARCHAR},
      </if>
      <if test="record.fecNumCam != null" >
        fec_num_cam = #{record.fecNumCam,jdbcType=INTEGER},
      </if>
      <if test="record.codIndCam != null" >
        cod_ind_cam = #{record.codIndCam,jdbcType=CHAR},
      </if>
    </set>
    <if test="_parameter != null" >
      <include refid="Update_By_Example_Where_Clause" />
    </if>
  </update>
  <update id="updateByExample" parameterType="map" >
    update t_sede
    set sede_id = #{record.sedeId,jdbcType=INTEGER},
      sede_cod = #{record.sedeCod,jdbcType=CHAR},
      sede_cod_ubi = #{record.sedeCodUbi,jdbcType=INTEGER},
      sede_cod_tip = #{record.sedeCodTip,jdbcType=INTEGER},
      sede_des_dir = #{record.sedeDesDir,jdbcType=VARCHAR},
      fec_num_cam = #{record.fecNumCam,jdbcType=INTEGER},
      cod_ind_cam = #{record.codIndCam,jdbcType=CHAR}
    <if test="_parameter != null" >
      <include refid="Update_By_Example_Where_Clause" />
    </if>
  </update>
  <update id="updateByPrimaryKeySelective" parameterType="pe.com.j2techcon.bi.etl.domain.TSede" >
    update t_sede
    <set >
      <if test="sedeCod != null" >
        sede_cod = #{sedeCod,jdbcType=CHAR},
      </if>
      <if test="sedeCodUbi != null" >
        sede_cod_ubi = #{sedeCodUbi,jdbcType=INTEGER},
      </if>
      <if test="sedeCodTip != null" >
        sede_cod_tip = #{sedeCodTip,jdbcType=INTEGER},
      </if>
      <if test="sedeDesDir != null" >
        sede_des_dir = #{sedeDesDir,jdbcType=VARCHAR},
      </if>
      <if test="fecNumCam != null" >
        fec_num_cam = #{fecNumCam,jdbcType=INTEGER},
      </if>
      <if test="codIndCam != null" >
        cod_ind_cam = #{codIndCam,jdbcType=CHAR},
      </if>
    </set>
    where sede_id = #{sedeId,jdbcType=INTEGER}
  </update>
  <update id="updateByPrimaryKey" parameterType="pe.com.j2techcon.bi.etl.domain.TSede" >
    update t_sede
    set sede_cod = #{sedeCod,jdbcType=CHAR},
      sede_cod_ubi = #{sedeCodUbi,jdbcType=INTEGER},
      sede_cod_tip = #{sedeCodTip,jdbcType=INTEGER},
      sede_des_dir = #{sedeDesDir,jdbcType=VARCHAR},
      fec_num_cam = #{fecNumCam,jdbcType=INTEGER},
      cod_ind_cam = #{codIndCam,jdbcType=CHAR}
    where sede_id = #{sedeId,jdbcType=INTEGER}
  </update>
</mapper>